MBID,PdName,BdID,CsID,SrID,Factor,Rslots,Maxfreq,Pslots,PCIE3X16,PCIE3X8,PCIE3X4,PCIE3X2,PCIE3X1,PCIE2,PCI,Vports,Dvi,HDMI,DP,Dsub,Mslots,M2_1Sata,M2_2Sata,M2_3Sata,M2_1PCIE,M2_2PCIE,M2_3PCIE,M2_1PCIE2,Sata6G,U2,Uports_B,Uports_O,Uports,USB2,USB31G1,USB31G2,TypeC_G1,TypeC_G2,USB_MB2,USB_MB3g1,USB_MB3g2,TypeC_MBG1,TypeC_MBG2,RJ45,Lan1ID,Lan2ID,Lan3ID,WfBt,WfID,M2_Ekey,Bluetooth,AudioOpt,TRS,SPDIF,SPDIF_MB,DacID,AcID,Fslots,CPU_Opt,Sys_Fan,3ASys_Fan,AIO_Pump,W_Pump,M2_Fan,Lheads,RGB_Header,RGBW_Header,Digital_LED,5050JRGB_12V,5050JRGB_5V,WS2812B_RGB,CORSAIR_RGB,LED_header,Cslots,COMPort ,LPTPort ,COMPort_MB,LPTPort_MB,PS2,Sheads,Thunderbolt,Altive_Headers,Heat_Sensers,Raid,M2_Raid,IRST,ISRT,Optane
1,H310M-A,1,3001,A01,2,2,2666,3,1,,,,,2,,3,1,1,,1,1,1,,,2,,,,4,,4,3,7,2,2,,,,2,1,,,,1,4,,,,,,,3,,,1,,1,1,,1,,,,,,,,,,,,,,1,,,1,,2,,,,,,,,,
2,H310M-D,1,3001,A01,2,2,2666,3,1,,,,,2,,2,,1,,1,1,1,,,2,,,,4,,4,3,7,2,2,,,,2,1,,,,1,4,,,,,,,3,,,1,,1,1,,1,,,,,,,,,,,,,,2,1,1,,,1,,,,,,,,,
3,H310M-K,1,3001,A01,2,2,2666,3,1,,,,,2,,2,1,,,1,1,1,,,2,,,,4,,4,3,7,2,2,,,,2,1,,,,1,4,,,,,,,3,,,1,,1,1,,1,,,,,,,,,,,,,,1,,,1,,2,,,,,,,,,
4,H310I-PLUS/CSM,1,3001,A01,3,2,2666,1,1,,,,,,,3,1,1,,1,1,1,,,4,,,,4,,4,2,6,2,2,,,,1,1,,,,1,4,,,1,,1,,3,,,1,,1,2,,2,,,,,,,,,,,,,,1,,,1,,1,,,,,,,,,
5,B360M-A,1,3002,A01,2,4,2666,3,1,,,,2,,,3,1,1,,1,2,1,,,4,4,,,6,,5,3,8,2,1,2,,,2,1,,,,1,4,,,,,,,3,,,1,,1,3,,2,,1,,,,,,,,,,,,2,,,1,1,,1,,,1,,,,,
6,B360M-K,1,3002,A01,2,2,2666,3,1,,,,2,,,2,1,,,1,1,1,,,4,,,,6,,6,3,9,2,2,2,,,2,1,,,,1,4,,,,,,,3,,,1,,1,1,,1,,,,,,,,,,,,,,1,,,1,,2,,,,,,,,,
7,Z370-A,1,3004,A01,1,4,4000,7,2,,1,,4,,,3,1,1,1,,2,1,,,4,4,,,6,,7,4,11,2,2,2,,1,2,2,,,,1,2,,,,,,,5,,1,,,5,5,1,2,,1,,1,1,1,,,,,,,,1,,,1,,,2,1,,1,1,,,,1
8,Z370-P,1,3004,A01,1,4,4000,6,1,,1,,4,,,2,1,1,,,1,1,,,4,,,,4,,6,4,10,2,4,,,,2,2,,,,1,4,,,,,,,3,,,1,,1,3,,2,,1,,,,,,,,,,,,1,,,1,,,,,,,1,,1,,1
9,Maximus X APEX,1,3004,A05,4,2,4000,6,3,,1,,2,,,1,,1,,,2,,1,,4,4,,,4,,9,4,13,,6,2,,1,3,1,,,,2,2,,,,,,,5,,1,,,7,9,1,6,,1,1,,4,4,,,,,,,,,,,,,2,6,,4,2,1,,,1,1
10,Maximus X FORMULA,1,3004,A05,1,4,4133,6,2,,1,,3,,,2,,1,1,,2,1,,,4,4,,,6,,11,3,14,4,4,2,,1,1,1,1,,,1,2,,,2,1,,4.2,5,,1,,,6,6,1,3,,1,1,,,,,,,,,,,,,,,,,5,,4,1,1,,1,1,1
11,Maximus X HERO,1,3004,A05,1,4,4133,6,2,,1,,3,,,2,,1,1,,2,1,,,4,4,,,6,,9,4,13,2,4,2,,1,2,1,1,,,1,2,,,,,,,5,,1,,,6,6,1,3,,1,1,,2,2,,,,,,,,,,,,,,6,,5,1,1,,,1,1
12,H370-F Gaming,1,3003,A02,1,4,2666,6,1,,1,,4,,,3,1,1,1,,2,1,,,2,4,,,6,,8,3,11,4,0,3,,1,1,2,,,,1,2,,,,,,,5,,1,,,7,5,1,2,,1,,1,1,1,,,,,,,,2,1,,1,,1,1,,,1,1,,1,,1
13,H370-I Gaming,1,3003,A02,3,2,2666,1,1,,,,,,,2,,1,1,,2,1,,,4,4,,,4,,7,2,9,,4,2,,1,1,1,,,,2,2,,,2,1,,5,5,,1,,,7,2,,1,,1,,,,,,,,,,,,,,,,,,,,,,1,,1,,1
14,B360-F Gaming,1,3002,A02,1,4,2666,6,1,,1,,4,,,3,1,1,1,,2,1,,,2,4,,,6,,12,2,14,4,4,3,,1,1,1,,,,1,2,,,,,,,5,,1,,,7,5,1,2,,1,,1,1,1,,,,,,,,1,,,1,,1,1,,,1,,,1,,1
15,B360-G Gaming,1,3002,A02,2,4,2666,4,1,,1,,2,,,2,1,1,,,2,,1,,4,2,,,6,,6,3,9,,2,4,,,2,1,,,,1,2,,,,,,,5,,1,,,7,3,,2,,1,,,1,1,,,,,,,,,,,,,1,,,,,,,,,1
16,B360-H Gaming,1,3002,A02,1,4,2666,6,1,,1,,4,,,2,1,1,,,2,1,,,2,4,,,6,,6,3,9,2,2,2,,,2,1,,,,1,2,,,,,,,5,,1,,,7,4,1,2,,1,,,1,1,,,,,,,,,,,,,1,1,,,1,,,,,1
17,B360-I Gaming,1,3002,A02,3,2,2666,1,1,,,,,,,2,,1,1,,2,1,,,4,4,,,4,,7,2,9,2,2,2,1,,1,1,,,,1,2,,,2,1,,5,5,,1,,,7,2,,1,,1,,,,,,,,,,,,,,,,,,1,,,1,,,,,1
18,Z370-E Gaming,1,3004,A02,1,4,4000,7,2,,1,,4,,,3,1,1,1,,2,,1,,4,4,,,6,,6,5,11,2,1,2,,1,2,2,1,,,1,2,,,2,1,,4.2,5,,1,,,7,5,1,2,,1,,1,2,2,,,,,,,,1,,,1,,,1,,,1,1,,,,1
19,Z370-F Gaming,1,3004,A02,1,4,4000,7,2,,1,,4,,,3,1,1,1,,2,1,,,4,4,,,6,,7,4,11,2,2,2,,1,2,2,,,,1,2,,,,,,,5,,1,,,7,5,1,2,,1,,1,2,2,,,,,,,,1,,,1,,,1,,,1,1,,,,1
20,Z370-G Gaming,1,3004,A02,2,4,4000,4,2,,,,2,,,2,,1,1,,2,1,,,4,4,,,6,,8,3,11,2,4,2,,,2,1,,,,1,2,,,2,1,,4.2,5,,1,,,7,4,1,2,,,1,,,,,,,,,,,,,,,,1,1,,,1,1,,,,1
21,Z370-H Gaming,1,3004,A02,1,4,4000,7,2,,,2,3,,,2,1,1,,,2,1,,,4,4,,,6,,8,4,12,2,4,2,,,2,2,,,,1,2,,,,,,,5,,1,,,7,4,1,2,,1,,,,,,,,,,,,1,,,1,,1,,,,,1,,,,1
22,Z370-I Gaming,1,3004,A02,3,2,4333,1,1,,,,,,,2,,1,1,,2,1,,,4,4,,,4,,8,3,11,4,4,,,,1,1,1,,,1,2,,,2,1,,4.2,5,,1,,,7,1,,1,,,,,,,,,,,,,,,,,,,,1,,,1,1,,1,1,1
23,H370-PRO Gaming (Wi-Fi),1,3003,A03,1,4,2666,6,1,,1,,4,,,3,,1,1,1,2,1,,,2,4,,,6,,8,3,11,2,3,2,1,,2,1,,,,1,2,,,2,1,,5,3,,,1,,1,3,,2,,1,,,1,1,,,,,,,,1,,,1,,1,,,,,1,,1,,1
24,H310-PLUS Gaming,1,3001,A04,1,2,2666,6,1,,,,,2,3,2,,1,,1,1,1,,,2,,,,4,,4,5,9,2,2,,,,4,1,,,,1,2,,,,,,,3,,,1,,1,2,,2,,,,,1,1,,,,,,,,1,1,,,,1,,,,,,,,,
25,H310M-PLUS Gaming,1,3001,A04,2,2,2666,3,1,,,,,2,,2,1,1,,,1,,,,,,,4,4,,6,4,10,4,2,,,,2,2,,,,1,2,,,,,,,3,,,1,,1,1,,1,,,,,1,1,,,,,,,,1,,,1,,2,,,,,,,,,
26,H370-PLUS Gaming (Wi-Fi),1,3003,A04,1,4,2666,6,1,,1,,4,,,3,,1,1,1,2,1,,,2,4,,,6,,8,3,11,2,3,2,1,,2,1,,,,1,2,,,2,1,,5,3,,,1,,1,3,,2,,1,,,1,1,,,,,,,,1,,,1,,1,,,,,1,,1,,1
27,B360-PLUS Gaming,1,3002,A04,1,4,2666,6,1,,,1,4,,,2,,1,,1,2,1,,,2,2,,,6,,8,2,10,4,2,2,,,1,1,,,,1,2,,,,,,,3,,,1,,1,3,,2,,1,,,1,1,,,,,,,,1,,,1,,1,,,,,,,,,1
28,B360M-PLUS Gaming,1,3002,A04,2,4,2666,3,1,,,,2,,,2,1,1,,,2,1,,,4,4,,,6,,6,3,9,2,1,2,1,,2,1,,,,1,2,,,,,,,3,,,1,,1,2,,2,,,,,1,1,,,,,,,,1,,,1,,2,,,,,,,,,
29,B360M-E Gaming,1,3002,A04,2,2,2666,3,1,,,,2,,,2,1,1,,,1,1,,,4,,,,6,,6,3,9,2,2,2,,,2,1,,,,1,2,,,,,,,3,,,1,,1,1,,1,,,,,1,1,,,,,,,,1,,,1,,2,,,,,,,,,1
30,Z370-PLUS Gaming,1,3004,A04,1,4,4000,6,1,,1,,4,,,2,1,1,,,2,1,1,,4,4,,,6,,8,4,12,2,3,2,1,,2,2,,,,1,2,,,,,,,3,,,1,,1,4,,2,,1,1,,1,1,,,,,,,,,,,,,1,,,,,1,,,,1
31,Z370-PRO Gaming,1,3004,A04,1,4,4000,6,2,,,1,3,,,2,1,1,,,2,1,,,4,4,,,6,,8,4,12,2,4,2,,,2,2,,,,1,2,,,,,,,5,,1,,,1,4,1,2,,1,,,,,,,,,,,,1,,,1,,1,,,,,1,,,,1
32,H310 D3,2,3001,G01,1,2,2666,6,1,,,,2,,3,2,,1,,1,1,1,,,2,,,,4,,6,2,8,4,2,,,,1,1,,,,1,1,,,1,,1,,3,,,1,,1,3,,3,,,,,,,,,,,,,,2,1,1,,,1,,,,,,,,,
33,H310M DS2,2,3001,G01,2,2,2666,3,1,,,,,2,,1,,,,1,,,,,,,,,4,,6,2,8,4,2,,,,1,1,,,,1,1,,,,,,,3,,,,,1,1,,1,,,,,,,,,,,,,,2,1,1,,,1,,,,,,,,,
34,H310M H,2,3001,G01,2,2,2666,3,1,,,,,2,,2,,1,,1,,,,,,,,,4,,6,2,8,4,2,,,,1,1,,,,1,1,,,,,,,3,,,,,1,1,,1,,,,,,,,,,,,,,,,,,,1,,,,,,,,,
35,H310M A,2,3001,G01,2,2,2666,3,1,,,,,2,,2,,1,1,,1,1,,,4,,,,4,,6,2,8,4,2,,,,1,1,,,,1,1,,,,,,,3,,,,,1,1,,1,,,,,1,1,,,,,,,,1,,,1,,2,,,,,,,,,
36,H310M S2H,2,3001,G01,2,2,2666,3,1,,,,,2,,3,1,1,,1,1,1,,,2,,,,4,,6,2,8,4,2,,,,1,1,,,,1,1,,,,,,,3,,,,,1,1,,1,,,,,,,,,,,,,,,,,,,2,,,,,,,,,
37,H310M S2P,2,3001,G01,2,2,2666,4,1,,,,,1,2,3,1,1,,1,1,1,,,2,,,,4,,6,2,8,4,2,,,,1,1,,,,1,1,,,,,,,3,,,,,1,1,,1,,,,,,,,,,,,,,3,1,,1,1,1,,,,,,,,,
38,B360 Aorus Gaming 3 Wi-Fi,2,3002,G02,1,4,2666,5,1,,1,,3,,,2,1,1,,,2,1,1,,4,2,,,6,,9,2,11,4,3,1,1,,1,1,,,,1,1,,,3,1,1,5,6,,,1,,2,4,,2,,1,1,,4,,2,2,,,,,,1,,,1,,1,1,1,,,,,,,1
39,B360 Aorus Gaming 3,2,3002,G02,1,4,2666,5,1,,1,,3,,,2,1,1,,,2,1,1,,4,2,,,6,,9,2,11,4,3,1,1,,1,1,,,,1,1,,,1,,1,,6,,,1,,2,4,,2,,1,1,,4,,2,2,,,,,,1,,,1,,1,1,1,,,,,,,1
40,B360N Aorus Gaming Wi-Fi,2,3002,G02,3,2,2666,1,1,,,,,,,2,,1,1,,1,1,,,4,,,,4,,7,2,9,2,3,1,1,,1,1,,,,1,1,,,2,1,,5,6,,,,,2,2,,2,,,,,2,,1,1,,,,,,,,,,,1,,,,,,,,,1
41,B360M Aorus Gaming 3,2,3002,G02,2,4,2666,3,1,,1,,1,,,2,1,1,,,2,,1,,4,2,,,6,,6,3,9,2,3,1,,,2,1,,,,1,1,,,1,,1,,6,,,1,,2,3,,3,,,,,4,,2,2,,,,,,1,,,1,,1,,,,,,,,,1
42,B360 HD3,2,3002,G01,1,4,2666,6,1,,1,,4,,,3,1,1,,1,2,1,1,,4,2,,,6,,6,3,9,2,3,1,,,2,1,,,,1,1,,,1,,1,,6,,,1,,2,3,,3,,,,,1,1,,,,,,,,2,,,1,1,1,1,1,,,,,,,1
43,B360M D3H,2,3002,G01,2,4,2666,4,1,,1,,1,,1,4,1,1,1,1,1,1,,,4,,,,6,,7,3,10,2,3,1,1,,2,1,,,,1,1,,,,,,,6,,,1,,2,3,,3,,,,,1,1,,,,,,,,2,,,1,1,1,,,,,,,,,1
44,B360M D3V,2,3002,G01,2,2,2666,4,1,,,,2,,1,2,1,,,1,1,1,,,4,,,,6,,6,3,9,2,4,,,,2,1,,,,1,1,,,,,,,3,,,,,2,1,,1,,,,,,,,,,,,,,2,1,,1,,1,,,,,,,,,1
45,B360M DS3H,2,3002,G01,2,4,2666,3,1,,1,,1,,,3,1,1,,1,1,1,,,4,,,,6,,6,3,9,2,4,,,,2,1,,,,1,1,,,,,,,3,,,1,,1,2,,2,,,,,1,1,,,,,,,,2,,,1,1,1,,,,,,,,,1
46,B360M Gaming HD,2,3002,G01,2,2,2666,2,1,,,,1,,,2,,1,,1,1,1,,,4,,,,4,,6,3,9,2,4,,,,2,1,,,,1,1,,,,,,,3,,,,,1,1,,1,,,,,,,,,,,,,,1,,,1,,2,,,,,,,,,1
47,B360N Wi-Fi,2,3002,G01,3,2,2666,1,1,,,,,,,2,,2,,,1,1,,,4,,,,4,,6,2,8,2,4,,,,1,1,,,,2,1,1,,2,1,,5,6,,,1,,1,2,,2,,,,,1,1,,,,,,,,4,,,4,,1,,,,,,,,,1
48,H370 HD3,2,3003,G01,1,4,2666,7,1,,1,,4,,1,3,1,1,,1,2,,1,,4,2,,,6,,9,3,12,2,5,1,1,,2,1,,,,1,1,,,1,,1,,6,,,1,,1,3,,3,,,,,1,1,,,,,,,,2,,,1,1,1,1,1,,,1,,,,1
49,H370M D3H,2,3003,G01,2,4,2666,3,1,,1,,1,,,3,1,1,,1,2,1,,,2,4,,,6,,9,3,12,2,4,2,,1,2,1,,,,1,1,,,1,,1,,6,,,1,,2,3,,3,,,,,1,1,,,,,,,,2,,,1,1,1,,,,,1,,,,1
50,H370N Wi-Fi,2,3003,G01,3,2,2666,1,1,,,,,,,2,,1,1,,2,1,,,4,4,,,4,,6,2,8,,5,,1,,1,1,,,,2,1,1,,2,1,,5,3,,,1,,4,2,,2,,,,,2,,1,1,,,,,,,,,,,,,,,,1,,,,1
51,H370 Aorus Gaming 3 Wi-Fi,2,3003,G02,1,4,2666,6,1,,1,,4,,,2,1,1,,,2,,1,,4,2,,,6,,8,5,13,4,2,1,,1,2,2,,1,,1,1,,,3,1,1,5,6,,,1,,4,4,,2,,1,1,,4,,2,2,,,,,,1,,,1,,1,1,1,,,1,,,,1
52,Z370 Aorus Gaming 7-OP,2,3004,G02,1,4,4133,6,1,1,1,,3,,,2,,1,1,,2,1,,,4,4,,,6,,8,4,12,,5,2,,1,2,1,,,1,2,1,3,,,,,,5,,1,1,1,3,7,,4,1,1,1,,4,,2,2,,,,,,,,,,,1,3,1,,2,1,,,,1
53,Z370 Aorus Gaming 7,2,3004,G02,1,4,4133,6,1,1,1,,3,,,2,,1,1,,2,1,,,4,4,,,6,,8,5,13,,5,2,,1,2,1,1,,1,2,1,3,,,,,,5,,1,1,1,3,7,,4,1,1,1,,2,,,2,,,,,,,,,,,1,3,1,,2,1,,,,1
54,Z370 Aorus Gaming 5,2,3004,G02,1,4,4133,6,1,1,1,,3,,,2,,1,1,,2,1,,,4,4,,,6,,9,4,13,2,4,2,,1,2,1,,1,,1,1,,,2,1,,4.2,5,,1,1,,3,7,,4,1,1,1,,4,,2,2,,,,,,,,,,,1,3,1,,2,1,,,,1
55,Z370 Aorus Gaming 3,2,3004,G02,1,4,4000,6,1,,1,,4,,,1,,1,,,2,1,,,4,4,,,6,,9,4,13,2,4,2,,1,2,1,,1,,1,3,,,,,,,6,,,1,,3,4,,2,,1,1,,4,,2,2,,,,,,,,,,,1,1,1,,,1,,,,1
56,Z370 Aorus Gaming K3,2,3004,G02,1,4,4000,6,1,,1,,4,,,2,1,1,,,2,1,,,4,4,,,6,,9,4,13,2,4,2,,1,2,2,,,,1,1,,,,,,,6,,,1,,3,4,,2,,1,1,,4,,2,2,,,,,,,,,,,1,1,1,,,1,,,,1
57,Z370XP SLI,2,3004,G01,1,4,4000,6,1,1,1,,3,,,1,,1,,,2,1,,,4,4,,,6,,9,4,13,,6,2,,1,2,2,,,,1,1,,,,,,,6,,,1,,3,4,,2,,1,1,,1,1,,,,,,,,2,,,1,1,2,1,1,,,1,,,,1
58,Z370 HD3P,2,3004,G01,1,4,4000,7,1,,1,,4,,1,3,1,1,,1,2,1,,,4,4,,,6,,9,5,14,2,4,2,,1,2,2,,1,,1,1,,,,,,,6,,,1,,3,3,,3,,,,,1,1,,,,,,,,2,,,1,1,1,,,,,1,,,,1
59,Z370 HD3,2,3004,G01,1,4,4000,6,1,,2,,3,,,2,1,1,,,1,1,,,4,,,,6,,6,4,10,2,4,,,,2,2,,,,1,1,,,,,,,6,,,1,,2,3,,3,,,,,1,1,,,,,,,,2,,,1,1,1,,,,,1,,,,1
60,Z370P D3,2,3004,G01,1,4,4000,6,1,,2,,3,,,1,,1,,,1,1,,,4,,,,6,,6,3,9,2,4,,,,2,1,,,,1,1,,,,,,,3,,,1,,1,3,,3,,,,,1,1,,,,,,,,1,,,1,,2,,,,,1,,,,1
61,Z370M DS3H ,2,3004,G01,2,4,3866,3,1,,,,2,,,2,1,1,,,1,1,,,4,,,,6,,6,3,9,2,4,,,,2,1,,,,1,1,,,,,,,3,,,1,,1,1,,1,,,,,,,,,,,,,,2,,,1,1,1,,,,,1,,,,1
62,Z370M D3H,2,3004,G01,2,4,4000,4,1,,1,,2,,,2,1,1,,,2,1,,,4,4,,,6,,8,3,11,,7,,1,,2,1,,,,1,1,,,,,,,6,,,1,,2,3,,3,,,,,1,1,,,,,,,,2,,,1,1,1,,,,,1,,,,1
63,Z370N Wi-Fi,2,3004,G01,3,2,4400,1,1,,,,,,,3,,2,1,,2,1,,,4,4,,,4,,8,2,10,,7,,,1,1,1,,,,2,1,1,,2,1,,4.2,3,,,1,,3,2,,2,,,,,2,,1,1,,,,,,,,,,,,,,,,1,,,,1
64,Z370 Godlike Gaming,3,3004,M04,4,4,4133,5,1,1,2,,1,,,,,,,,3,1,1,1,4,4,4,,6,1,9,6,15,,6,2,,1,3,2,1,,,3,3,3,3,3,4,1,4.1,5,1,1,,2,8,9,,8,,1,,,2,,,,1,1,,,,,,,,,1,3,,,3,1,1,,,1
65,Z370 Gaming M5,3,3004,M04,1,4,4000,6,1,1,1,,3,,,2,,1,1,,2,1,1,,4,4,,,6,,8,3,11,3,2,2,,1,2,1,,,,1,3,,,,,,,5,,1,,,3,5,,4,,1,,,1,1,,,,,,,,,,,,,1,,,,,1,1,,,1
66,Z370 Gaming Pro Carbon AC,3,3004,M03,1,4,4000,6,1,1,1,,3,,,2,,1,1,,2,1,1,,4,4,,,6,,9,4,13,2,4,2,,1,2,2,,,,1,2,,,2,2,,4.2,5,,1,,,3,5,,4,,1,,,3,,,,1,,1,1,,,,,,,1,,,,,1,1,,,1
67,Z370 KRAIT Gaming,3,3004,M03,1,4,4000,6,1,1,1,,3,,,2,1,1,,,2,1,1,,4,4,,,6,,9,4,13,2,4,2,,1,2,2,,,,1,2,,,,,,,5,,1,,,3,5,,4,,1,,,1,1,,,,,,,,1,,,1,,1,,,,,1,1,,,1
68,Z370 Gaming Plus,3,3004,M03,1,4,4000,6,1,,1,,4,,,3,1,,1,1,1,1,,,4,,,,6,,6,4,10,2,4,,,,2,2,,,,1,2,,,,,,,6,,,,,2,5,,4,,1,,,1,1,,,,,,,,2,,,1,1,1,,,,,1,,,,1
69,Z370M Gaming Pro AC,3,3004,M03,2,4,4000,4,1,1,,,2,,,2,,1,1,,2,1,1,,4,4,,,4,,7,5,12,,4,2,,1,2,2,,,1,1,2,,,2,2,,4.2,5,,1,,,3,4,,3,,1,,,1,1,,,,,,,,1,,,1,,2,,,,,1,1,,,1
70,Z370I Gaming Pro Carbon AC,3,3004,M03,3,2,4500,1,1,,,,,,,2,,1,1,,1,1,,,4,,,,4,,7,2,9,2,2,2,,1,1,1,,,,1,2,,,2,2,,4.2,5,,1,,,3,1,,1,,,,,2,,,,1,,,1,,,,,,,1,,,,,1,,,,1
71,H370 Gaming Pro Carbon,3,3003,M03,1,4,2666,5,1,,1,,3,,,2,,1,1,,2,1,,,4,4,,,6,,9,6,15,2,4,2,,1,2,2,1,,1,1,2,,,,,,,5,,1,,,3,6,,5,,1,,,3,,,,1,,1,1,,,,,,,1,,,,,1,1,,,1
72,H370 Gaming Plus,3,3003,M03,1,4,2666,6,1,,1,,4,,,2,1,,1,,1,1,,,4,,,,5,,7,4,11,2,2,2,,1,2,2,,,,1,2,,,,,,,6,,,,,2,6,,5,,1,,,1,,,,1,,,,,2,,,1,1,1,1,1,,,1,,,,1
73,B360 Gaming Pro Carbon,3,3002,M03,1,4,2666,5,1,,1,,3,,,2,,1,1,,2,1,,,4,4,,,6,,7,5,12,2,2,2,,1,2,1,1,,1,1,2,,,,,,,5,,1,,,3,6,,5,,1,,,3,,,,1,,1,1,,,,,,,1,,,,,,,,,1
74,B360 Gaming Plus,3,3002,M03,1,4,2666,6,1,,1,,4,,,2,1,,1,,1,1,,,4,,,,5,,7,3,10,2,2,2,,1,2,1,,,,1,2,,,,,,,6,,,,,2,6,,5,,1,,,1,,,,1,,,,,2,,,1,1,1,1,1,,,,,,,1
75,B360 Gaming Arctic,3,3002,M03,1,4,2666,6,1,,1,,4,,,2,1,,1,,1,1,,,4,,,,5,,7,3,10,2,2,2,,1,2,1,,,,1,2,,,,,,,6,,,,,2,6,,5,,1,,,1,,,,1,,,,,2,,,1,1,1,1,1,,,,,,,
76,B360m Gaming Plus,3,3002,M03,2,2,2666,3,1,,,,2,,,3,1,1,,1,1,1,,,4,,,,6,,7,3,10,2,4,,1,,2,1,,,,1,2,,,,,,,3,,,,,1,2,,2,,,,,1,1,,,,,,,,2,,,1,1,1,,,,,,,,,
77,B360I Gaming Pro AC,3,3002,M03,3,4,2666,1,1,,,,,,,2,1,,1,,1,1,,,4,,,,4,,6,2,8,2,2,2,,,1,1,,,,1,5,,,2,3,,5,6,,,,,9,2,,2,,,,,1,,,,1,,,,,,,,,,1,,,,,,,,,1
78,H310M Gaming Plus,3,3001,M03,2,2,2666,3,1,,,,2,,,2,1,1,,,1,1,,,4,,,,4,,6,2,8,4,2,,,,1,1,,,,1,2,,,,,,,3,,,,,10,1,,1,,,,,1,,,,,,,,1,1,,,1,,1,,,,,,,,,
79,H310M Gaming Arctic,3,3001,M03,2,2,2666,3,1,,,,2,,,2,1,1,,,1,1,,,4,,,,4,,6,2,8,4,2,,,,1,1,,,,1,2,,,,,,,3,,,,,10,1,,1,,,,,1,,,,,,,,1,1,,,1,,1,,,,,,,,,
80,Z370 Tomahawk,3,3004,M02,1,4,4000,6,1,,1,,4,,,2,1,1,,,2,1,1,,4,4,,,6,,9,3,12,2,4,2,,1,2,1,,,,1,2,,,,,,,5,,1,,,2,5,,4,,1,,,1,1,,,,,,,,1,,,1,,1,,,,,1,1,,,1
81,Z370M Mortar,3,3004,M02,2,4,4000,4,1,,1,,2,,,,,,,,2,,1,,4,4,,,4,,6,4,10,2,4,,,,2,2,,,,1,2,,,,,,,5,,1,,,2,3,,2,,1,,,1,1,,,,,,,,,,,,,1,,,,,1,,,,1
82,H370M Bazooka,3,3003,M02,2,4,2666,3,1,,,,2,,,2,1,1,,,1,1,,,4,,,,6,,7,3,10,2,4,,1,,2,1,,,,1,4,,,,,,,3,,,,,1,2,,2,,,,,1,1,,,,,,,,2,,,1,1,2,1,1,,,1,,,,1
83,B360M Mortar Titanium,3,3002,M02,2,4,2666,4,1,,1,,2,,,3,1,1,1,,2,1,,,4,4,,,4,,7,4,11,4,,2,,1,1,1,1,,1,1,2,,,,,,,5,,1,,,2,3,,3,,,,,1,,,,1,,,,,,,,,,1,1,1,,,,,,,1
84,B360M Mortar,3,3002,M02,2,4,2666,4,1,,1,,2,,,3,1,1,1,,2,1,,,4,4,,,4,,7,4,11,4,,2,,1,1,1,1,,1,1,2,,,,,,,5,,1,,,2,3,,3,,,,,1,,,,1,,,,,,,,,,1,1,1,,,,,,,1
85,B360M Bazooka,3,3002,M02,2,4,2666,3,1,,,,2,,,2,1,1,,,1,1,,,4,,,,6,,7,3,10,2,4,,1,,2,1,,,,1,4,,,,,,,3,,,,,1,2,,2,,,,,1,1,,,,,,,,2,,,1,1,2,,,,,,,,,1
86,Z370 SLI PLUS,3,3004,M01,1,4,4000,6,1,1,1,,3,,,2,1,1,,,2,1,1,,4,4,,,6,,9,4,13,2,4,2,,1,2,2,,,,1,2,,,,,,,5,,1,,,3,0,,4,,1,,,,1,,,,,,,,,,,1,,1,,,,,1,1,,,1
87,Z370 PC Pro,3,3004,M01,1,4,4000,6,1,,1,,3,,1,3,1,1,,1,2,1,1,,4,4,,,6,,9,5,14,2,4,2,,1,4,1,,,,1,2,,,,,,,3,,,,,1,0,,4,,1,,,,1,,,,,,,,,,,1,1,1,,1,,,1,1,,,1
88,Z370 A Pro,3,3004,M01,1,4,4000,6,1,,1,,4,,,3,1,,1,1,1,1,,,4,,,,6,,6,4,10,2,4,,,,2,2,,,,1,4,,,,,,,6,,,,,2,0,,4,,1,,,,,,,,,,,,,,,1,1,1,,1,,,1,,,,1
89,B360-A PRO,3,3002,M01,1,4,2666,6,1,,1,,4,,,2,1,,1,,1,1,,,4,,,,5,,7,3,10,2,2,2,,1,2,1,,,,1,2,,,,,,,6,,,,,2,0,,5,,1,,,,,,,,,,,,,,,1,1,1,,1,,,,,,,1
90,B360-F PRO,3,3002,M01,1,2,2666,18,1,,,,,17,,2,1,1,,,,,,,,,,,4,,6,2,8,4,2,,,,1,1,,,,1,2,,,,,,,3,,,,,1,0,,1,,,,,,,,,,,,,,,,,1,,1,,,,,,,,,
91,B360M PRO-VDH,3,3002,M01,2,4,2666,3,1,,,,2,,,3,1,1,,1,1,1,,,4,,,,6,,7,3,10,2,4,,1,,2,1,,,,1,4,,,,,,,3,,,,,1,0,,2,,,,,,,,,,,,,,,,,1,1,2,,1,,,,,,,1
92,B360M PRO-VH,3,3002,M01,2,2,2666,3,1,,,,2,,,2,,1,,1,1,1,,,4,,,,6,,6,3,9,2,4,,,,2,1,,,,1,4,,,,,,,3,,,,,1,0,,1,,,,,,,,,,,,,,,,,1,,1,,,,,,,,,1
93,B360M PRO-VD,3,3002,M01,2,2,2666,3,1,,,,2,,,2,1,,,1,1,1,,,4,,,,6,,6,3,9,2,4,,,,2,1,,,,1,4,,,,,,,3,,,,,1,0,,1,,,,,,,,,,,,,,,,,1,,1,,,,,,,,,1
94,H310-A PRO,3,3001,M01,1,2,2666,7,1,,,,6,,,2,1,1,,,,,,,,,,,4,,6,2,8,4,2,,,,1,1,,,,1,2,,,,,,,3,,,,,1,0,,1,,,,,,,,,,,,,,,,,1,,1,,,,,,,,,
95,H310-F PRO,3,3001,M01,1,2,2666,13,1,,,,,12,,2,1,1,,,,,,,,,,,4,,6,2,8,4,2,,,,1,1,,,,1,2,,,,,,,3,,,,,1,0,,1,,,,,,,,,,,,,,,,,1,,1,,,,,,,,,
96,H310M PRO-M2,3,3001,M01,2,2,2666,3,1,,,,2,,,3,1,1,,1,2,1,,,,,,4,4,,6,2,8,4,2,,,,1,1,,,,1,2,,,,,,,3,,,,,1,0,,1,,,,,,,,,,,,,1,,,,1,,1,,,,,,,,,
97,H310M PRO-VDH,3,3001,M01,2,2,2666,3,1,,,,,2,,3,1,1,,1,,,,,,,,,4,,6,2,8,4,2,,,,1,1,,,,1,4,,,,,,,3,,,,,1,0,,1,,,,,,,,,,,,,,,,,1,,1,,,,,,,1,,
98,H310M PRO-VHL,3,3001,M01,2,2,2666,4,1,,,,,1,2,2,,1,,1,,,,,,,,,4,,6,2,8,4,2,,,,1,1,,,,1,4,,,,,,,3,,,,,1,0,,1,,,,,,,,,,,,,,,1,1,1,,1,,,,,,,,,
99,H310M PRO-VH ,3,3001,M01,2,2,2666,3,1,,,,,2,,2,,1,,1,,,,,,,,,4,,6,2,8,4,2,,,,1,1,,,,1,4,,,,,,,3,,,,,1,0,,1,,,,,,,,,,,,,,,,,1,,1,,,,,,,,,
100,H310M PRO-VD,3,3001,M01,2,2,2666,3,1,,,,,2,,2,1,1,,,,,,,,,,,4,,6,2,8,4,2,,,,1,1,,,,1,4,,,,,,,3,,,,,1,0,,1,,,,,,,,,,,,,,,,,1,,1,,,,,,,,,
101,H310M PRO-VL,3,3001,M01,2,2,2666,3,1,,,,,2,,1,,,,1,,,,,,,,,4,,6,2,8,4,2,,,,1,1,,,,1,4,,,,,,,3,,,,,1,0,,1,,,,,,,,,,,,,,,1,1,1,,1,,,,,,,,,
102,H310M PRO-D,3,3001,M01,2,2,2666,3,1,,,,,2,,1,1,,,,,,,,,,,,4,,6,2,8,4,2,,,,1,1,,,,1,4,,,,,,,3,,,,,1,0,,1,,,,,,,,,,,,,,,,,1,,1,,,,,,,,,
103,H310I PRO,3,3001,M01,3,2,2666,1,1,,,,,,,2,1,,1,,1,1,,,4,,,,4,,5,2,7,3,2,,,,1,1,,,,1,4,,,1,,1,,3,,,,,1,0,,1,,,,,,,,,,,,,,,,,,,1,,,,,,,,,
